ObjectiveLevel,ResultStatement,Indicator,IndicatorDefinition,MeansOfMeasurement,Baseline,SDG,SDGTargets,Positive SDG Interlinkages,Negative SDG Interlinkages
OUTPUT,Deliver a balanced set of diversified crops minimizing env. impact,% food groups in quantum-optimized crop plan minimizing env. impact,% of essential food groups included in optimized planting plan,Analysis of crop plan vs national dietary guidelines minimizing env. impact,,2 Zero Hunger,"2.a Increase investment, including through enhanced international cooperation, in rural infrastructure, agricultural research and extension services, technology development and plant and livestock gene banks in order to enhance agricultural productive capacity in developing countries, in particular least developed countries",SDG 3: Better nutrition improves health outcomes & reduces disease burden,SDG 13: Intensive agriculture may increase GHG emissions without optimization
OUTPUT,Deliver a balanced set of diversified crops maximizing affordability,% food groups in quantum-optimized crop plan,% of essential food groups included in optimized planting plan maximizing affordability,Analysis of crop plan vs national dietary guidelines maximizing affordability,,2 Zero Hunger,"2.a Increase investment, including through enhanced international cooperation, in rural infrastructure, agricultural research and extension services, technology development and plant and livestock gene banks in order to enhance agricultural productive capacity in developing countries, in particular least developed countries",SDG 3: Better nutrition improves health outcomes & reduces disease burden,SDG 13: Intensive agriculture may increase GHG emissions without optimization
OUTPUT,Deliver a balanced set of diversified crops maximizing nutritional scores,% food groups in quantum-optimized crop plan maximizing nutritional scores,% of essential food groups included in optimized planting plan,Analysis of crop plan vs national dietary guidelines maximizing nutritional scores,,2 Zero Hunger,"2.a Increase investment, including through enhanced international cooperation, in rural infrastructure, agricultural research and extension services, technology development and plant and livestock gene banks in order to enhance agricultural productive capacity in developing countries, in particular least developed countries",SDG 3: Better nutrition improves health outcomes & reduces disease burden,SDG 13: Intensive agriculture may increase GHG emissions without optimization
OUTPUT,Produce a map of diversified crops and planting assignments,Digital mapping and optimization platform deployed,Availability and stakeholder use of the quantum crop planning tool,,,"9 Industry, Innovation and Infrastructure","9.a Facilitate sustainable and resilient infrastructure development in developing countries through enhanced financial, technological and technical support to African countries, least developed countries, landlocked developing countries and small island developing States",SDG 8: Innovation infrastructure drives economic growth & jobs,SDG 13: Technology production & operation increase energy demand
SHORT_TERM_IMPACT,Grow a balanced set of diversified crops minimizing env. impact,% food groups in quantum-optimized crop plan minimizing env. impact actually planted,% of essential food groups included in optimized  plan minimizing env.  actually planted,Analysis of crop plan vs national dietary guidelines minimizing env. impact,baseline surveys,2 Zero Hunger,"2.3 By 2030, double the agricultural productivity and incomes of small-scale food producers, in particular women, indigenous peoples, family farmers, pastoralists and fishers, including through secure and equal access to land, other productive resources and inputs, knowledge, financial services, markets and opportunities for value addition and non-farm employment; 2.4 By 2030, ensure sustainable food production systems and implement resilient agricultural practices that increase productivity and production, that help maintain ecosystems, that strengthen capacity for adaptation to climate change, extreme weather, drought, flooding and other disasters and that progressively improve land and soil quality",SDG 3: Better nutrition improves health outcomes & reduces disease burden,SDG 13: Intensive agriculture may increase GHG emissions without optimization
SHORT_TERM_IMPACT,Grow a balanced set of diversified crops maximizing affordability,% food groups in quantum-optimized crop plan maximizing affordability actually planted,% of essential food groups included in optimized planting plan maximizing affordability actuall,Analysis of crop plan vs national dietary guidelines minimizing env. impact,baseline surveys,2 Zero Hunger,"2.3 By 2030, double the agricultural productivity and incomes of small-scale food producers, in particular women, indigenous peoples, family farmers, pastoralists and fishers, including through secure and equal access to land, other productive resources and inputs, knowledge, financial services, markets and opportunities for value addition and non-farm employment; 2.4 By 2030, ensure sustainable food production systems and implement resilient agricultural practices that increase productivity and production, that help maintain ecosystems, that strengthen capacity for adaptation to climate change, extreme weather, drought, flooding and other disasters and that progressively improve land and soil quality",SDG 3: Better nutrition improves health outcomes & reduces disease burden,SDG 13: Intensive agriculture may increase GHG emissions without optimization
SHORT_TERM_IMPACT,Grow a balanced set of diversified crops maximizing nutritional scores,% food groups in quantum-optimized crop plan maximizing nutritional scores actually planted,% of essential food groups included in optimized planting plan actually planted,Analysis of crop plan vs national dietary guidelines minimizing env. impact,baseline surveys,2 Zero Hunger,"2.3 By 2030, double the agricultural productivity and incomes of small-scale food producers, in particular women, indigenous peoples, family farmers, pastoralists and fishers, including through secure and equal access to land, other productive resources and inputs, knowledge, financial services, markets and opportunities for value addition and non-farm employment; 2.4 By 2030, ensure sustainable food production systems and implement resilient agricultural practices that increase productivity and production, that help maintain ecosystems, that strengthen capacity for adaptation to climate change, extreme weather, drought, flooding and other disasters and that progressively improve land and soil quality",SDG 3: Better nutrition improves health outcomes & reduces disease burden,SDG 13: Intensive agriculture may increase GHG emissions without optimization
MID_TERM_IMPACT,Reducing overall micronutrient deficiencies,"Average levels of key micronutrients (Fe, Vit A, Zn, folate)",Change in biomarker levels for target micronutrients among households,Blood/urine samples at baseline and endline; lab analysis,baseline surveys,2 Zero Hunger,"2.2 By 2030, end all forms of malnutrition, including achieving, by 2025, the internationally agreed targets on stunting and wasting in children under 5 years of age, and address the nutritional needs of adolescent girls, pregnant and lactating women and older persons",SDG 3: Better nutrition improves health outcomes & reduces disease burden,SDG 13: Intensive agriculture may increase GHG emissions without optimization
MID_TERM_IMPACT,Reducing CO2 emissions,CO₂ emissions per hectare in optimized crop plan,Change in CO₂ emitted per hectare after adopting quantum-guided planting,"Field emission data, energy use logs, and model-based CO₂ estimates",baseline surveys,13 Climate Action,13.a Implement the commitment undertaken by developed-country parties to the United Nations Framework Convention on Climate Change to a goal of mobilizing jointly $100 billion annually by 2020 from all sources to address the needs of developing countries in the context of meaningful mitigation actions and transparency on implementation and fully operationalize the Green Climate Fund through its capitalization as soon as possible,SDG 7: Climate action drives renewable energy adoption,SDG 1: Climate policies may increase costs for poor households
LONG_TERM_IMPACT,improve hunger rates,% households meeting minimum dietary needs,Share of households achieving required daily nutrient intake,Household dietary recall surveys and nutritional assessments,baseline surveys,2 Zero Hunger,"2.2 By 2030, end all forms of malnutrition, including achieving, by 2025, the internationally agreed targets on stunting and wasting in children under 5 years of age, and address the nutritional needs of adolescent girls, pregnant and lactating women and older persons",SDG 3: Better nutrition improves health outcomes & reduces disease burden,SDG 13: Intensive agriculture may increase GHG emissions without optimization
LONG_TERM_IMPACT,Adults: Improved ability to perform work activities. Kids: Improved school performance,Average productivity self-rating score (1–5); School performance composite score (attendance & ,"Change in attendance, concentration, and test scores linked to diet",Standardized survey at baseline and follow-up,baseline surveys,2 Zero Hunger,"2.3 By 2030, double the agricultural productivity and incomes of small-scale food producers, in particular women, indigenous peoples, family farmers, pastoralists and fishers, including through secure and equal access to land, other productive resources and inputs, knowledge, financial services, markets and opportunities for value addition and non-farm employment",SDG 3: Better nutrition improves health outcomes & reduces disease burden,SDG 13: Intensive agriculture may increase GHG emissions without optimization
LONG_TERM_IMPACT,Community: Lower healthcare costs,Avg monthly household healthcare expenditure (USD),Change in household spending on healthcare due to better diets and safer practices,Household expenditure survey at baseline and follow-up; receipts or logs,baseline surveys,3 Good Health and Well-being,"3.9 By 2030, substantially reduce the number of deaths and illnesses from hazardous chemicals and air, water and soil pollution and contamination",SDG 2: Improved health enables better agricultural productivity,SDG 13: Healthcare infrastructure may increase energy use & emissions
LONG_TERM_IMPACT,Reduce Global Warming,Greenhouse gas reduction per farming season,Decrease in total GHG emissions from farms using optimized crop plans,"GHG monitoring tools, soil tests, and energy-use records",baseline surveys,13 Climate Action,"13.2 Integrate climate change measures into national policies, strategies and planning",SDG 7: Climate action drives renewable energy adoption,SDG 1: Climate policies may increase costs for poor households
MID_TERM_IMPACT,Ensure a varied diet,Household Dietary Diversity Score (HDDS),Average number of food groups consumed by households in the previous 3 months,Household dietary recall survey at baseline and follow-up,Baseline HDDS from household survey,2 Zero Hunger,"2.2 By 2030, end all forms of malnutrition, including achieving, by 2025, the internationally agreed targets on stunting and wasting in children under 5 years of age, and address the nutritional needs of adolescent girls, pregnant and lactating women and older persons",SDG 3: Better nutrition improves health outcomes & reduces disease burden,SDG 13: Intensive agriculture may increase GHG emissions without optimization
SHORT_TERM_IMPACT,Increase incomes of small-scale farmers,% increase in average income from optimized crop sales,Change in farmer income from selling optimized high-value crops,Household income surveys comparing baseline to post-implementation,baseline surveys,1 No Poverty,"1.2 By 2030, reduce at least by half proportion of people living in poverty",SDG 2: Food security reduces poverty; SDG 8: Economic growth lifts people out of poverty,SDG 13: Climate policies may increase costs for poor households
LONG_TERM_IMPACT,Reduce poverty rates in farming communities,% households above poverty line,Share of farming households earning above national poverty threshold,Economic surveys at baseline and endline comparing income to poverty line,baseline surveys,1 No Poverty,"1.1 By 2030, eradicate extreme poverty for all people everywhere",SDG 2: Food security reduces poverty; SDG 8: Economic growth lifts people out of poverty,SDG 13: Climate policies may increase costs for poor households
SHORT_TERM_IMPACT,Increase women's participation in agricultural decision-making,% women involved in crop planning decisions,Share of households where women participate in selecting crops to plant,Gender-disaggregated surveys on farm decision-making processes,baseline surveys,5 Gender Equality,5.a Reform to give women equal rights to economic resources & access to land,SDG 2: Women's empowerment improves food security; SDG 8: Gender equality boosts economic growth,SDG 9: Technology access gaps may worsen gender disparities
MID_TERM_IMPACT,Improve women's economic empowerment through agriculture,% women with control over agricultural income,Share of women who make decisions about spending farm income,Gender-disaggregated household surveys on income control,baseline surveys,5 Gender Equality,5.5 Ensure full participation in leadership and decision-making,SDG 2: Women's empowerment improves food security; SDG 8: Gender equality boosts economic growth,SDG 9: Technology access gaps may worsen gender disparities
OUTPUT,Optimize crop plans for water efficiency,Water use per kg of food produced in optimized plan,Liters of water required per kilogram of nutritious food output,Water footprint analysis of optimized vs baseline crop selections,,6 Clean Water and Sanitation,"6.4 By 2030, substantially increase water-use efficiency across all sectors",SDG 3: Clean water improves health outcomes; SDG 15: Water management protects ecosystems,SDG 2: Agricultural water use may compete with drinking water needs
MID_TERM_IMPACT,Reduce agricultural water consumption,% reduction in water use for food production,Decrease in total water consumed for crop production per season,Water meter readings and irrigation monitoring systems,baseline surveys,6 Clean Water and Sanitation,6.4 Substantially increase water-use efficiency,SDG 3: Clean water improves health outcomes; SDG 15: Water management protects ecosystems,SDG 2: Agricultural water use may compete with drinking water needs
SHORT_TERM_IMPACT,Create employment in sustainable agriculture,Number of jobs created in optimized farming operations,Additional labor positions generated by diversified crop production,Employment surveys before and after optimization implementation,baseline surveys,8 Decent Work and Economic Growth,"8.5 By 2030, achieve full employment and decent work with equal pay",SDG 1: Economic growth reduces poverty; SDG 9: Innovation drives job creation,SDG 13: Economic growth may increase emissions without green policies
LONG_TERM_IMPACT,Increase agricultural productivity and economic growth,GDP contribution from agricultural sector (%),Change in agricultural sector contribution to regional economy,Economic impact assessment using regional GDP data,baseline surveys,8 Decent Work and Economic Growth,8.1 Sustain per capita economic growth,SDG 1: Economic growth reduces poverty; SDG 9: Innovation drives job creation,SDG 13: Economic growth may increase emissions without green policies
SHORT_TERM_IMPACT,Ensure equitable access to optimization platform,% of smallholder farmers with access to quantum planning tools,Share of small-scale farmers able to use the optimization platform,Platform usage logs and farmer registration data,baseline surveys,10 Reduced Inequalities,"10.2 By 2030, empower and promote inclusion of all",SDG 1: Reduced inequality lifts vulnerable populations; SDG 8: Fair wages support economic growth,SDG 9: Technology adoption may widen gaps without inclusive policies
MID_TERM_IMPACT,Reduce income inequality among farmers,Gini coefficient of farmer incomes,Change in income distribution inequality measure,Income surveys calculating Gini coefficient at baseline and endline,baseline surveys,10 Reduced Inequalities,"10.1 By 2030, progressively achieve and sustain income growth of bottom 40%",SDG 1: Reduced inequality lifts vulnerable populations; SDG 8: Fair wages support economic growth,SDG 9: Technology adoption may widen gaps without inclusive policies
OUTPUT,Minimize food waste in production planning,% reduction in food waste in optimized crop allocation,Decrease in post-harvest losses through better planning,Food waste audits comparing optimized vs traditional planning,,12 Responsible Consumption and Production,"12.3 By 2030, halve per capita global food waste",SDG 13: Responsible consumption reduces emissions; SDG 15: Reduced waste protects ecosystems,SDG 8: Consumption limits may slow short-term economic growth
MID_TERM_IMPACT,Adopt sustainable agricultural practices,% farms using sustainable production methods,Share of farms implementing environmentally-sound practices,Farm practice surveys and certification records,baseline surveys,12 Responsible Consumption and Production,"12.2 By 2030, achieve sustainable management of natural resources",SDG 13: Responsible consumption reduces emissions; SDG 15: Reduced waste protects ecosystems,SDG 8: Consumption limits may slow short-term economic growth
MID_TERM_IMPACT,Protect biodiversity through sustainable land use,Biodiversity index on farmland,Species richness and abundance on farms using optimized planning,Ecological surveys measuring species diversity,baseline surveys,15 Life on Land,15.5 Take urgent action to reduce degradation and halt biodiversity loss,SDG 13: Ecosystem protection supports climate action; SDG 6: Forests regulate water cycles,SDG 2: Land conservation may limit agricultural expansion
LONG_TERM_IMPACT,Prevent land degradation through optimized agriculture,Soil quality index,"Composite measure of soil health (organic matter, nutrients, pH)",Soil testing at baseline and regular intervals,baseline surveys,15 Life on Land,"15.3 By 2030, combat desertification and restore degraded land",SDG 13: Ecosystem protection supports climate action; SDG 6: Forests regulate water cycles,SDG 2: Land conservation may limit agricultural expansion
OUTPUT,Establish partnerships for technology deployment,Number of partnerships formed for quantum platform deployment,"Count of collaborations between research, government, NGOs, farmers",Partnership agreements and MOUs signed,,17 Partnerships for the Goals,17.16 Enhance global partnership for sustainable development,SDG 9: Partnerships enable technology transfer; SDG 2: Collaboration improves food systems,SDG 10: Unequal partnerships may reinforce power imbalances
SHORT_TERM_IMPACT,Enable technology transfer and capacity building,Number of farmers/extension workers trained on platform,Count of individuals receiving training on quantum optimization tools,Training attendance records and certification completion,baseline surveys,17 Partnerships for the Goals,"17.6 Enhance cooperation on science, technology and innovation",SDG 9: Partnerships enable technology transfer; SDG 2: Collaboration improves food systems,SDG 10: Unequal partnerships may reinforce power imbalances
